sep=;
https://abmdistrib.com;---;Wed Jul 15 14:00:05 2026
https://bawqpou.shop;---;Thu Jul 16 15:07:20 2026
https://bikecube.de;200;Wed Jul 15 17:09:48 2026
https://blattbucht.de;200;Thu Jul 16 15:07:20 2026
https://buecherfreund.com;---;Thu Jul 16 15:07:20 2026
https://cogesal-miko.com;200;Thu Jul 16 15:07:21 2026
https://deconestprolab.com;403;Wed Jul 15 14:00:11 2026
https://depotonlinestore.com;---;Wed Jul 15 14:00:15 2026
https://der-schnapsstodlsale.com;200;Thu Jul 16 15:07:25 2026
https://dotloveculture.com;200;Wed Jul 15 17:09:56 2026
https://drykorngeschaft.com;200;Wed Jul 15 16:16:45 2026
https://electrolager.de;200;Wed Jul 15 16:16:45 2026
https://eloneohome.shop;200;Wed Jul 15 14:00:23 2026
https://gabelglanz.de;200;Wed Jul 15 16:16:46 2026
https://get-coolizicoolzy.store;200;Wed Jul 15 16:16:46 2026
https://heiz-partner24.de;200;Wed Jul 15 14:00:25 2026
https://heller-rasenmaeher.com;200;Wed Jul 15 16:16:47 2026
https://kaelte-bringer.de;200;Wed Jul 15 16:16:47 2026
https://kcttjctl.shop;---;Wed Jul 15 16:16:48 2026
https://kineticsportsland.shop;200;Wed Jul 15 16:16:48 2026
https://klaurboutik.shop;200;Wed Jul 15 16:16:48 2026
https://klimag.myshopify.com;200;Wed Jul 15 16:16:49 2026
https://klimawelts.com;200;Wed Jul 15 16:16:50 2026
https://kruegeroutlet.de;---;Wed Jul 15 16:16:50 2026
https://living-smarter24.com;200;Wed Jul 15 14:00:38 2026
https://loewe-osterreich.com;---;Wed Jul 15 16:16:52 2026
https://midea-portasplit.com;200;Wed Jul 15 14:00:41 2026
https://netatmo.com.de;---;Wed Jul 15 14:00:42 2026
https://ostyro.myshopify.com;200;Wed Jul 15 16:16:53 2026
https://rasenrobo.com;200;Wed Jul 15 16:16:54 2026
https://rio-handelshaus.de;200;Wed Jul 15 16:16:55 2026
https://rqhtyztv.shop;403;Wed Jul 15 16:16:55 2026
https://scharrer-handel.com;200;Wed Jul 15 16:16:55 2026
https://stoffweltenshop.com;---;Wed Jul 15 16:16:57 2026
https://styleoli.com;200;Wed Jul 15 16:16:58 2026
https://szxlbxlz.shop;---;Wed Jul 15 16:16:58 2026
https://thorogoodeutschland.de;---;Wed Jul 15 16:16:58 2026
https://traumgirlanden.shop;200;Wed Jul 15 16:17:01 2026
https://vema-elektro.de;200;Wed Jul 15 16:17:02 2026
https://withingss.de;403;Wed Jul 15 16:17:06 2026
https://anhaenger-gross.de;---;Tue Jul 14 08:58:06 2026
https://ankpqvzu.shop;---;Tue Jul 14 08:58:06 2026
https://autohaus-ferkl.de;404;Wed Jul 15 14:00:07 2026
https://autopartsberlin.com;---;Tue Jul 14 08:58:10 2026
https://ballshops.com;200;Tue Jul 14 08:58:10 2026
https://baumeistertools.com;---;Tue Jul 14 08:58:14 2026
https://bestestrikot.com;200;Wed Jul 15 14:00:07 2026
https://bikegearsupply.com;---;Tue Jul 14 08:58:18 2026
https://cebuporn.com;---;Wed Jul 15 14:00:08 2026
https://chacos.at;403;Wed Jul 15 14:00:09 2026
https://cleaningproductsshop.com;403;Wed Jul 15 14:00:09 2026
https://cooleschuhe.com;200;Tue Jul 14 08:58:21 2026
https://duryoafe.shop;---;Tue Jul 14 08:58:28 2026
https://dwellglory.com;200;Tue Jul 14 08:58:29 2026
https://eu.rasenmarkt.com;403;Wed Jul 15 14:00:23 2026
https://fahrradsparwelt24.de;200;Tue Jul 14 15:17:28 2026
https://feuerundgrill.myshopify.com;200;Wed Jul 15 14:00:23 2026
https://frostorio.shop;200;Tue Jul 14 08:58:31 2026
https://fueloutlets.com;200;Tue Jul 14 15:17:28 2026
https://gartenbedarf-online.com;---;Tue Jul 14 15:17:31 2026
https://german-pet-shop.com;403;Tue Jul 14 08:58:35 2026
https://glaubensweg.com;200;Wed Jul 15 14:00:24 2026
https://gomodellbahn.com;403;Wed Jul 15 14:00:24 2026
https://groundies.at;---;Tue Jul 14 08:58:36 2026
https://guetahandel.com;---;Tue Jul 14 08:58:39 2026
https://heinrich-handel.com;---;Tue Jul 14 08:58:42 2026
https://hgkzgbho.shop;---;Tue Jul 14 08:58:43 2026
https://hornwald.com;200;Wed Jul 15 14:00:26 2026
https://intimissimiat.at;403;Tue Jul 14 08:58:45 2026
https://ivdmlqrb.shop;403;Tue Jul 14 08:58:45 2026
https://jblaustria.com;---;Wed Jul 15 14:00:29 2026
https://kaelte-held.com;---;Tue Jul 14 08:58:52 2026
https://kingofindigo.com;200;Tue Jul 14 08:58:53 2026
https://kuhlhaus-de.shop;200;Wed Jul 15 14:00:37 2026
https://lbslepe.de;200;Tue Jul 14 08:58:54 2026
https://longrunfood.com;403;Wed Jul 15 14:00:40 2026
https://meindlaustria.at;---;Tue Jul 14 08:59:00 2026
https://midea-deutschland.com;---;Tue Jul 14 08:59:00 2026
https://midea-deutschland.de;---;Wed Jul 15 14:00:40 2026
https://midea-europe.de;---;Tue Jul 14 08:59:00 2026
https://midea-germany.de;200;Wed Jul 15 14:00:41 2026
https://mideadeutschland.de;---;Tue Jul 14 15:16:43 2026
https://mobelwohnen.com;---;Tue Jul 14 08:59:07 2026
https://mobiklima.myshopify.com;423;Tue Jul 14 08:59:08 2026
https://modernlampart.com;200;Wed Jul 15 14:00:42 2026
https://moodors.shop;200;Tue Jul 14 08:59:10 2026
https://motivoebike.com;200;Tue Jul 14 08:59:13 2026
https://nrer.shop;---;Wed Jul 15 14:00:43 2026
https://ocbqzggs.shop;---;Tue Jul 14 15:16:45 2026
https://onrunning-eu.myshoplaza.com;404;Wed Jul 15 14:00:43 2026
https://ordnungpro.com;---;Wed Jul 15 14:00:43 2026
https://osiriscards.store;200;Tue Jul 14 15:16:46 2026
https://owalaflascheosterreich.shop;---;Wed Jul 15 14:00:46 2026
https://pokepoint.shop;200;Wed Jul 15 14:00:47 2026
https://qhvltajo.shop;---;Wed Jul 15 14:00:48 2026
https://rasenmarkt.com;403;Wed Jul 15 14:00:48 2026
https://ridefusiongear.com;200;Wed Jul 15 14:00:50 2026
https://adl.uoyps.shop;200;Thu Jul 16 15:07:17 2026
https://cuttingboarddirect.com;200;Thu Jul 16 15:07:22 2026
https://dotados-anhaenger.com;200;Thu Jul 16 15:07:25 2026
https://lauensteingarten.de;200;Wed Jul 15 16:16:51 2026
https://likevlqwe.click;200;Wed Jul 15 16:16:51 2026
https://lyleandscott.com;200;Wed Jul 15 16:16:53 2026
https://warme-quelle.com;200;Wed Jul 15 16:17:03 2026
https://werkstattgitter.com;200;Wed Jul 15 16:17:05 2026
https://alpenholz.shop;200;Thu Jul 16 15:07:18 2026
https://alpenmode.com;200;Thu Jul 16 15:07:20 2026
